No. of Cores,ScaleUp
Serial,1
2 Cores,0.7644028429
3 Cores,0.7452894022
4 Cores,0.8140530226
6 Cores,0.7345466211
8 Cores,0.7421106531